[  
   {  
      "select":false,
      "job":"Asset Physical Inventory Comparison",
      "desc":"Compares the entered physical inventory data with the asset book, and lists the differences and possible actions to correct the differences.",
      "excel":"",
      "paramkey":[  
         "Book",
         "Transaction Group",
         "ATTRIBUTE3",
         "ATTRIBUTE4",
         "ATTRIBUTE5",
         "ATTRIBUTE6",
         "ATTRIBUTE7"
      ],
      "ucm":"",
      "paramvalue":"",
      "cloud":"Finance",
      "wf":"Physical Inventory Interface Import"
   },
   {  
      "select":false,
      "job":"Create Inventory Transactions",
      "desc":"Creates inventory transactions from transaction data in the transaction open interface table.",
      "excel":"",
      "paramkey":[  

      ],
      "ucm":"",
      "paramvalue":"",
      "cloud":"Supply Chain Mgmt(SCM)",
      "wf":"Inventory Transaction Import"
   },
   {  
      "select":false,
      "job":"Import and Calculate Daily Rates",
      "desc":"Creates inventory transactions from transaction data in the transaction open interface table.",
      "excel":"",
      "paramkey":[  

      ],
      "ucm":"",
      "paramvalue":"",
      "cloud":"Finance",
      "wf":"Calculate Daily Rates Import"
   },
   {  
      "select":false,
      "job":"Import AutoInvoice",
      "desc":"Imports invoices, credit memos, debit memos, and on-account credits from other source systems into Oracle Fusion Receivables and validates the imported data.",
      "excel":"",
      "paramkey":[  
         "Tax Content Source",
         "Tax Regime Code",
         "Attribute3"
      ],
      "ucm":"",
      "paramvalue":"",
      "cloud":"Finance",
      "wf":"AutoInvoice Import"
   },
   {  
      "select":false,
      "job":"Import Count Sequences",
      "desc":"Updates cycle count tables with records from the cycle count open interface table.",
      "excel":"",
      "paramkey":[  

      ],
      "ucm":"",
      "paramvalue":"",
      "cloud":"Supply Chain Mgmt(SCM)",
      "wf":"Cycle Count Import"
   },
   {  
      "select":false,
      "job":"Import External Transactions to the Tax Repository",
      "desc":"Imports transactions from an external source to the tax repository.",
      "excel":"",
      "paramkey":[  
         "Import Options"
      ],
      "ucm":"",
      "paramvalue":"",
      "cloud":"Finance",
      "wf":"Tax Entry Repository Data Upload Interface Import"
   },
   {  
      "select":false,
      "job":"Import External Transactions to the Tax Repository",
      "desc":"Imports transactions from an external source to the tax repository.",
      "excel":"",
      "paramkey":[  
         "Import Options"
      ],
      "ucm":"",
      "paramvalue":"",
      "cloud":"Finance",
      "wf":"Tax Entry Repository Data Upload Interface Import"
   },
   {  
      "select":false,
      "job":"Import Intercompany Transactions",
      "desc":"Imports intercompany transactions from external source systems.",
      "excel":"",
      "paramkey":[  

      ],
      "ucm":"",
      "paramvalue":"",
      "cloud":"Finance",
      "wf":"Intercompany Transaction Import"
   },
   {  
      "select":false,
      "job":"Import Journals",
      "desc":"Creates journal entries from imported information from subledgers and other source systems.",
      "excel":"",
      "paramkey":[  
         "Book",
         "Transaction Group"
      ],
      "ucm":"",
      "paramvalue":"",
      "cloud":"Finance",
      "wf":"Journal Import"
   },
   {  
      "select":false,
      "job":"Import Material Transactions",
      "desc":"Creates journal entries from imported information from subledgers and other source systems.",
      "excel":"",
      "paramkey":[  
         "Data File"
      ],
      "ucm":"",
      "paramvalue":"",
      "cloud":"Supply Chain Mgmt(SCM)",
      "wf":"Work Order Material Transaction Import"
   },
   {  
      "select":false,
      "job":"Import Orders",
      "desc":"Imports purchase orders from external systems into Oracle Fusion Purchasing.",
      "excel":"",
      "paramkey":[  
         "Attribute1",
         "Attribute2",
         "Attribute3"
      ],
      "ucm":"",
      "paramvalue":"",
      "cloud":"Procurement",
      "wf":"Purchase Orders Import"
   },
   {  
      "select":false,
      "job":"Import Payables Invoices",
      "desc":"Creates Oracle Fusion Payables invoices from invoice data in the open interface tables.",
      "excel":"",
      "paramkey":[  
         "Book",
         "Transaction Group",
         "ATTRIBUTE3",
         "ATTRIBUTE4",
         "ATTRIBUTE5",
         "ATTRIBUTE6",
         "ATTRIBUTE7"
      ],
      "ucm":"",
      "paramvalue":"",
      "cloud":"Finance",
      "wf":"Payables Standard Invoice Import"
   },
   {  
      "select":false,
      "job":"Import Price List",
      "desc":"Creates Oracle Fusion Payables invoices from invoice data in the open interface tables.",
      "excel":"",
      "paramkey":[  
         "Book",
         "Transaction Group",
         "ATTRIBUTE3",
         "ATTRIBUTE4",
         "ATTRIBUTE5",
         "ATTRIBUTE6",
         "ATTRIBUTE7"
      ],
      "ucm":"",
      "paramvalue":"",
      "cloud":"Supply Chain Mgmt(SCM)",
      "wf":"Import Price List"
   },
   {  
      "select":false,
      "job":"Import Project Billing Events",
      "desc":"Creates contract billing events in Oracle Fusion Project Portfolio Management based on data loaded into the Oracle Fusion Project Billing Events open interface table.",
      "excel":"",
      "paramkey":[  

      ],
      "ucm":"",
      "paramvalue":"",
      "cloud":"Project Portfolio Mgmt(PPM)",
      "wf":"Import Project Billing Events"
   },
   {  
      "select":false,
      "job":"Import Project Budgets",
      "desc":"Creates budget versions in Oracle Fusion Project Control based on data loaded into the Oracle Fusion Project Budgets open interface table.",
      "excel":"",
      "paramkey":[  

      ],
      "ucm":"",
      "paramvalue":"",
      "cloud":"Project Portfolio Mgmt(PPM)",
      "wf":"Import Project Budgets"
   },
   {  
      "select":false,
      "job":"Import Project Forecasts",
      "desc":"Creates forecast versions in Oracle Fusion Project Control based on data loaded into the Oracle Fusion Project Forecasts open interface table.",
      "excel":"",
      "paramkey":[  

      ],
      "ucm":"",
      "paramvalue":"",
      "cloud":"Project Portfolio Mgmt(PPM)",
      "wf":"Import Project Forecasts"
   },
   {  
      "select":false,
      "job":"Import Project Resource Requests",
      "desc":"Imports project resource request data from the open interface and creates project resource requests.",
      "excel":"",
      "paramkey":[  

      ],
      "ucm":"",
      "paramvalue":"",
      "cloud":"Project Portfolio Mgmt(PPM)",
      "wf":"Import Project Resource Requests"
   },
   {  
      "select":false,
      "job":"Import Projects",
      "desc":"Creates projects in Oracle Fusion Project Foundation based on the data that is loaded into the Oracle Fusion Projects open interface table.",
      "excel":"",
      "paramkey":[  

      ],
      "ucm":"",
      "paramvalue":"",
      "cloud":"Project Portfolio Mgmt(PPM)",
      "wf":"Import Projects"
   },
   {  
      "select":false,
      "job":"Import Resource Actual Hours",
      "desc":"Imports resource actual hours data from the open interface and creates time transactions.",
      "excel":"",
      "paramkey":[  
         "Book",
         "Transaction Group",
         "ATTRIBUTE3",
         "ATTRIBUTE4",
         "ATTRIBUTE5",
         "ATTRIBUTE6",
         "ATTRIBUTE7"
      ],
      "ucm":"",
      "paramvalue":"",
      "cloud":"Project Portfolio Mgmt(PPM)",
      "wf":"Import Resource Actual Hours"
   },
   {  
      "select":false,
      "job":"Import Resource Transaction",
      "desc":"Imports resource actual hours data from the open interface and creates time transactions.",
      "excel":"",
      "paramkey":[  

      ],
      "ucm":"",
      "paramvalue":"",
      "cloud":"Supply Chain Mgmt(SCM)",
      "wf":"Work Order Resource Transaction Import"
   },
   {  
      "select":false,
      "job":"Import Resource Transaction",
      "desc":"Imports resource actual hours data from the open interface and creates time transactions.",
      "excel":"",
      "paramkey":[  

      ],
      "ucm":"",
      "paramvalue":"",
      "cloud":"Supply Chain Mgmt(SCM)",
      "wf":"Work Order Resource Transaction Import"
   },
   {  
      "select":false,
      "job":"Import Sales Orders",
      "desc":"Imports orders that are loaded to interface tables",
      "excel":"",
      "paramkey":[  
         "Import Options",
         "Report Exceptions Only"
      ],
      "ucm":"",
      "paramvalue":"",
      "cloud":"Supply Chain Mgmt(SCM)",
      "wf":"Import Sales Orders"
   },
   {  
      "select":false,
      "job":"Import Segment Values and Hierarchies",
      "desc":"Imports orders that are loaded to interface tables",
      "excel":"",
      "paramkey":[  
         "Import Options",
         "Report Exceptions Only"
      ],
      "ucm":"",
      "paramvalue":"",
      "cloud":"Finance",
      "wf":"Segment Values and Hierarchies Import"
   },
   {  
      "select":false,
      "job":"Import Supplier Addresses",
      "desc":"Creates and updates supplier addresses from data in the Supplier Addresses open interface table.",
      "excel":"",
      "paramkey":[  
         "Project Resource Requests to Import",
         "Project",
         "Request Staffing Owner",
         "Attribute4",
         "Attribute5",
         "Attribute6"
      ],
      "ucm":"",
      "paramvalue":"",
      "cloud":"Procurement",
      "wf":"Import Supplier Addresses"
   },
   {  
      "select":false,
      "job":"Import Supplier Bank Accounts",
      "desc":"Imports supplier bank accounts and payee information.",
      "excel":"",
      "paramkey":[  
         "Feeder Batch Identifier"
      ],
      "ucm":"",
      "paramvalue":"",
      "cloud":"Finance",
      "wf":"Supplier Bank Account Import"
   },
   {  
      "select":false,
      "job":"Import Supplier Business Classifications",
      "desc":"Creates and updates supplier business classifications from data in the Supplier Business Classifications open interface table.",
      "excel":"",
      "paramkey":[  
         "Payment System Account",
         "Payee",
         "Payment System",
         "Settlement Batch Reference"
      ],
      "ucm":"",
      "paramvalue":"",
      "cloud":"Procurement",
      "wf":"Import Supplier Business Classifications"
   },
   {  
      "select":false,
      "job":"Import Supplier Products and Services Categories",
      "desc":"Creates and updates supplier products and services categories from data in the Supplier Products and Services Categories open interface table.",
      "excel":"",
      "paramkey":[  
         "Rate Schedule",
         "Report Success Details"
      ],
      "ucm":"",
      "paramvalue":"",
      "cloud":"Procurement",
      "wf":"Import Supplier Products and Services Categories"
   },
   {  
      "select":false,
      "job":"Import Supplier Site Assignments",
      "desc":"Creates and updates supplier site assignments from data in the Supplier Site Assignments open interface table.",
      "excel":"",
      "paramkey":[  
         "From Project Name",
         "To Project Name",
         "Report Success Details"
      ],
      "ucm":"",
      "paramvalue":"",
      "cloud":"Procurement",
      "wf":"Import Supplier Site Assignments"
   },
   {  
      "select":false,
      "job":"Import Supplier Sites",
      "desc":"Creates and updates supplier sites from data in the Supplier Sites open interface table.",
      "excel":"",
      "paramkey":[  

      ],
      "ucm":"",
      "paramvalue":"",
      "cloud":"Procurement",
      "wf":"Import Supplier Sites"
   },
   {  
      "select":false,
      "job":"Import Suppliers",
      "desc":"Creates and updates suppliers from data in the Suppliers open interface table.",
      "excel":"",
      "paramkey":[  
         "Attribute1",
         "From Project Name",
         "To Project Name",
         "Attribute4",
         "Attribute5",
         "Attribute6",
         "Attribute7",
         "Attribute8",
         "Attribute9",
         "Attribute1"
      ],
      "ucm":"",
      "paramvalue":"",
      "cloud":"Procurement",
      "wf":"Import Suppliers"
   },
   {  
      "select":false,
      "job":"Import Trading Community Data in Bulk",
      "desc":"Extracts, transforms, and loads business objects and associated child entities from external sources and other applications to trading community registry.",
      "excel":"",
      "paramkey":[  
         "Import Options",
         "Report Exceptions Only"
      ],
      "ucm":"",
      "paramvalue":"",
      "cloud":"Finance",
      "wf":"Customer Import"
   },
   {  
      "select":false,
      "job":"Import VAT Invoices for China",
      "desc":"Import VAT invoice data from a flat file and map the data to the corresponding Golden Tax transactions at both the header level and the line level.",
      "excel":"",
      "paramkey":[  
         "ATTRIBUTE1",
         "Message Identifier",
         "Order",
         "Document Status",
         "From Creation Date",
         "To Creation Date",
         "ATTRIBUTE7",
         "SourceSystem"
      ],
      "ucm":"",
      "paramvalue":"",
      "cloud":"Finance",
      "wf":"China Value Added Tax Invoice Import"
   },
   {  
      "select":false,
      "job":"Import VAT Invoices for China",
      "desc":"Import VAT invoice data from a flat file and map the data to the corresponding Golden Tax transactions at both the header level and the line level.",
      "excel":"",
      "paramkey":[  
         "ATTRIBUTE1",
         "Message Identifier",
         "Order",
         "Document Status",
         "From Creation Date",
         "To Creation Date",
         "ATTRIBUTE7",
         "SourceSystem"
      ],
      "ucm":"",
      "paramvalue":"",
      "cloud":"Finance",
      "wf":"China Value Added Tax Invoice Import"
   },
   {  
      "select":false,
      "job":"Japanese Depreciable Assets Tax Summary Report",
      "desc":"Summarizes asset information by location as of January 1 for the selected calendar year. Calculates the evaluated and theoretical net book value for each asset type, and the decision cost, which is the larger of the two net book values.",
      "excel":"",
      "paramkey":[  
         "Book",
         "Transaction Group"
      ],
      "ucm":"",
      "paramvalue":"",
      "cloud":"Finance",
      "wf":"Previous Year Tax Report Data Import"
   },
   {  
      "select":false,
      "job":"Manage Receiving Transactions",
      "desc":"Processes pending or unprocessed receiving transactions.",
      "excel":"",
      "paramkey":[  

      ],
      "ucm":"",
      "paramvalue":"",
      "cloud":"Supply Chain Mgmt(SCM)",
      "wf":"Receiving Receipt Import"
   },
   {  
      "select":false,
      "job":"Manage Reservation Interface",
      "desc":"Manages inventory reservations from data in the reservations open interface table.",
      "excel":"",
      "paramkey":[  

      ],
      "ucm":"",
      "paramvalue":"",
      "cloud":"Supply Chain Mgmt(SCM)",
      "wf":"Inventory Reservation Import"
   },
   {  
      "select":false,
      "job":"Perform Shipping Transactions",
      "desc":"Processes pending shipping transactions received through open interfaces.",
      "excel":"",
      "paramkey":[  

      ],
      "ucm":"",
      "paramvalue":"",
      "cloud":"Supply Chain Mgmt(SCM)",
      "wf":"Perform Shipping Transaction Import"
   },
   {  
      "select":false,
      "job":"Post Mass Additions",
      "desc":"Creates assets from mass addition lines in the Post queue and adds mass addition lines in the Cost Adjustment queue to the existing assets.",
      "excel":"",
      "paramkey":[  
         "Business Unit",
         "ATTRIBUTE1",
         "Transaction Source",
         "Default Date",
         "Transaction Type",
         "ATTRIBUTE7",
         "From Customer",
         "To Customer",
         "From Customer Account Number",
         "To Customer Account Number",
         "From Accounting Date",
         "To Accounting Date",
         "From Ship Date",
         "To Ship Date",
         "From Transaction Number",
         "To Transaction Number",
         "From Sales Order Number",
         "To Sales Order Number",
         "From Transaction Date",
         "To Transaction Date",
         "From Ship-to Customer Account Number",
         "To Ship-to Customer Account Number",
         "From Ship-to Customer Name",
         "To Ship-to Customer Name",
         "Base Due Date on Transaction Date",
         "Due Date Adjustment Days"
      ],
      "ucm":"",
      "paramvalue":"",
      "cloud":"Finance",
      "wf":"Fixed Asset Mass Additions Import"
   },
   {  
      "select":false,
      "job":"Post Mass Fixed Asset Financial Transactions",
      "desc":"Posts all mass financial transactions in the interface table that are in a status of Post.",
      "excel":"",
      "paramkey":[  

      ],
      "ucm":"",
      "paramvalue":"",
      "cloud":"Finance",
      "wf":"Fixed Asset Mass Adjustments Import"
   },
   {  
      "select":false,
      "job":"Post Mass Retirements",
      "desc":"Posts mass retirement transactions with a status of Post.",
      "excel":"",
      "paramkey":[  
         "Data Access Set",
         "Source",
         "Ledger",
         "Group ID",
         "Post Account Errors to Suspense",
         "Create Summary Journals",
         "Import Descriptive Flexfields"
      ],
      "ucm":"",
      "paramvalue":"",
      "cloud":"Finance",
      "wf":"Fixed Asset Mass Retirements Import"
   },
   {  
      "select":false,
      "job":"Post Mass Transfers",
      "desc":"Posts mass transfer transactions with a status of Post.",
      "excel":"",
      "paramkey":[  
         "Book",
         "Transaction Group",
         "ATTRIBUTE3",
         "ATTRIBUTE4",
         "ATTRIBUTE5",
         "ATTRIBUTE6",
         "ATTRIBUTE7"
      ],
      "ucm":"",
      "paramvalue":"",
      "cloud":"Finance",
      "wf":"Fixed Asset Mass Transfers Import"
   },
   {  
      "select":false,
      "job":"Post Mass Transfers",
      "desc":"Posts mass transfer transactions with a status of Post.",
      "excel":"",
      "paramkey":[  
         "Book",
         "Transaction Group",
         "ATTRIBUTE3",
         "ATTRIBUTE4",
         "ATTRIBUTE5",
         "ATTRIBUTE6",
         "ATTRIBUTE7"
      ],
      "ucm":"",
      "paramvalue":"",
      "cloud":"Finance",
      "wf":"Fixed Asset Mass Transfers Import"
   },
   {  
      "select":false,
      "job":"Post Mass Update Descriptive Details",
      "desc":"Updates asset descriptive details from the data in the Descriptive Details open interface table.",
      "excel":"",
      "paramkey":[  
         "ATTRIBUTE1",
         "ATTRIBUTE2",
         "ATTRIBUTE3",
         "Accounting Date",
         "Hold",
         "Hold Reason",
         "ATTRIBUTE7",
         "Source",
         "Import Set",
         "Purge",
         "Summarize Report",
         "ATTRIBUTE12",
         "Invoice Group",
         "Number of Parallel Processes",
         "Ledger",
         "Business Unit",
         "HOLD",
         "SOURCE"
      ],
      "ucm":"",
      "paramvalue":"",
      "cloud":"Finance",
      "wf":"Post Mass Update Descriptive Details"
   },
   {  
      "select":false,
      "job":"Receive Shipment Request",
      "desc":"Receives shipment lines into Oracle Fusion Shipping.",
      "excel":"",
      "paramkey":[  

      ],
      "ucm":"",
      "paramvalue":"",
      "cloud":"Supply Chain Mgmt(SCM)",
      "wf":"Shipment Request Import"
   },
   {  
      "select":false,
      "job":"Upload Units of Production",
      "desc":"Uploads units of production data from the FA_PRODUCTION_INTERFACE table to the FA_PERIODIC_PRODUCTION table",
      "excel":"",
      "paramkey":[  
         "Book",
         "ATTRIBUTE2"
      ],
      "ucm":"",
      "paramvalue":"",
      "cloud":"Finance",
      "wf":"Units of Production Import"
   },
   {  
      "select":false,
      "job":"Validate and Upload Budgets",
      "desc":"Uploads units of production data from the FA_PRODUCTION_INTERFACE table to the FA_PERIODIC_PRODUCTION table",
      "excel":"",
      "paramkey":[  
         "Book",
         "ATTRIBUTE2"
      ],
      "ucm":"",
      "paramvalue":"",
      "cloud":"Finance",
      "wf":"General Ledger Budget Balances Import"
   }
]
